{
  "wait": "Tunggu sebentar bg lagi di proses!",
  "error": {
    "Iv": "Link Mu Invalid Bg Atau Tidak benar",
    "api": "Sorry something went wrong"
  },
  "mgroup": "Perintah ini hanya bisa di gunakan di grup",
  "mprivate": "Perintah ini hanya bisa di gunakan di private messages",
  "admin": "Perintah ini hanya bisa di gunakan oleh Admin Group",
  "botadmin": "Bot Must be an admin",
  "owner": "This command can only be used by bot owners",
  "premium": "Perintah ini hanya bisa untuk member premium",
  "done": "Successfully"
}